file_denoised,file_clean,stSNR,sSNR,sSNR_std,tSNR,tSNR_std,stPSNR,sPSNR,sPSNR_std,tPSNR,tPSNR_std,stSI_PSNR,sSI_PSNR,sSI_PSNR_std,tSI_PSNR,tSI_PSNR_std,data_range
output.tif,F0.tif,4.608063062328603,4.043586889310333,0.4914468487076889,5.172539235346873,4.455465181920619,8.242842610910268,6.760173632393959,0.9706244113550409,9.725511589426576,4.266517247507466,11.075470565490084,11.742189542418435,5.699635438138432,10.408751588561733,10.739876832012726,314.0
